{"cameraMode":{"drawMode":0,"name":"Shaded","section":"Shading Mode"},"sceneLighting":true,"audioPlay":false,"sceneViewState":{"showFog":false,"showMaterialUpdate":false,"showSkybox":false,"showFlares":false,"showImageEffects":false,"showParticleSystems":false},"in2DMode":false,"pivot":{"x":-825.6981201171875,"y":987.7111206054688,"z":1467.5174560546875},"rotation":{"x":-0.1347840428352356,"y":0.6619722843170166,"z":-0.12272355705499649,"w":-0.7270256876945496},"size":66.19113159179688,"orthographic":false}