{"cameraMode":{"drawMode":0,"name":"Shaded","section":"Shading Mode"},"sceneLighting":false,"audioPlay":false,"sceneViewState":{"showFog":true,"showMaterialUpdate":false,"showSkybox":false,"showFlares":true,"showImageEffects":true,"showParticleSystems":true},"in2DMode":false,"pivot":{"x":143.56500244140626,"y":0.15412887930870057,"z":81.72000122070313},"rotation":{"x":0.008206908591091633,"y":0.980110228061676,"z":-0.19389672577381135,"w":0.04148436337709427},"size":0.508625328540802,"orthographic":false}