{"cameraMode":{"drawMode":0,"name":"Shaded","section":"Shading Mode"},"sceneLighting":true,"audioPlay":false,"sceneViewState":{"showFog":true,"showMaterialUpdate":false,"showSkybox":true,"showFlares":true,"showImageEffects":true,"showParticleSystems":true},"in2DMode":false,"pivot":{"x":1510.3262939453125,"y":137.32366943359376,"z":444.12396240234377},"rotation":{"x":-0.049303408712148669,"y":0.9429061412811279,"z":-0.2868346869945526,"w":-0.16204719245433808},"size":91.06609344482422,"orthographic":false}